Entidad federativa,Indicador,2015/01,2015/02,2015/03,2015/04,2016/01,2016/02,2016/03,2016/04,2017/01,2017/02,2017/03,2017/04,2018/01,2018/02,2018/03,2018/04,2019/01,2019/02,2019/03,2019/04,2020/01,2020/02,2020/03,2020/04,2021/01,2021/02,2021/03,2021/04,2022/01,2022/02,2022/03,2022/04,2023/01,2023/02,2023/03,2023/04
Aguascalientes,Total,4.51319,4.45453,4.97942,4.06616,3.99321,4.06091,3.95252,3.88478,3.40056,4.16711,3.31035,3.64327,3.68797,3.31805,3.62782,3.16656,3.28535,3.67106,3.79282,3.34141,3.35009,,5.1923,5.19754,3.62242,3.87156,4.62574,4.37726,3.51969,3.7682,4.03923,3.76756,3.01962,3.19796,3.17738,3.50581
Aguascalientes,Hombre,4.79226,4.78432,5.2862,4.6312,4.05716,4.31522,3.96963,4.12687,3.50824,4.33619,3.50002,4.2101,3.51982,3.54763,3.87586,3.23019,3.71269,3.84174,3.7912,3.7852,3.6106,,5.54919,5.72732,3.55801,4.55552,5.19527,4.63061,3.65715,3.54682,4.1614,3.99051,3.33566,3.50895,3.62514,4.04742
Aguascalientes,Mujer,4.04405,3.89903,4.4644,3.14035,3.89096,3.66441,3.92586,3.51037,3.22874,3.90365,3.0062,2.726,3.9556,2.95728,3.23476,3.06375,2.60058,3.40349,3.79545,2.68056,2.94595,,4.60852,4.39843,3.72114,2.84619,3.74571,3.99495,3.30649,4.10019,3.8614,3.4506,2.58592,2.75635,2.55413,2.72317
Baja California,Total,4.21158,4.78652,3.90197,3.77257,2.92339,2.50304,3.00825,2.31747,2.88928,2.81202,3.03208,2.67652,2.11637,2.68229,3.02234,2.23372,2.51192,2.5576,2.89908,2.21851,2.16798,,2.74817,2.88007,2.55476,2.44667,2.87954,2.04351,1.91049,2.50984,2.59254,2.70224,1.71222,2.30743,2.43889,2.24539
Baja California,Hombre,4.21213,5.50004,3.92016,4.17383,2.71405,2.67752,3.04589,2.3894,2.8783,3.01455,3.33402,2.72417,2.14571,2.91853,2.69074,2.37123,2.65423,3.06292,2.79278,2.36955,2.46766,,3.03101,3.26774,2.50829,2.18709,2.82612,2.44352,2.34971,2.97108,2.69044,2.93393,1.87172,2.32333,2.63221,2.17828
Baja California,Mujer,4.21069,3.63429,3.87195,3.13294,3.25472,2.22141,2.94893,2.20816,2.90626,2.50653,2.56997,2.60297,2.06891,2.32,3.50848,2.0286,2.29678,1.78579,3.05807,1.99161,1.70938,,2.30644,2.26758,2.62611,2.84742,2.96273,1.41966,1.2438,1.82062,2.44428,2.36103,1.47459,2.28393,2.16092,2.34606
Baja California Sur,Total,5.48851,4.38736,5.00076,4.26782,4.74021,4.1935,5.3058,4.19773,4.7592,4.00467,4.55795,4.1055,3.72671,3.41515,4.11745,3.87078,3.95454,4.61803,4.94592,4.37215,3.83703,,7.38778,5.42497,4.98176,4.4095,4.25482,2.5922,2.87475,2.73295,2.8679,2.85079,2.75936,2.7007,3.18616,2.26334
Baja California Sur,Hombre,4.69183,4.25676,4.36643,4.24311,4.07701,4.34365,4.93465,3.87977,4.07229,3.71938,3.60046,3.22111,3.31242,3.07381,3.75842,3.5469,3.63998,3.96241,4.54165,3.7623,3.50036,,7.35849,4.8573,4.69359,3.73933,4.0642,1.98979,2.65443,2.02666,2.77105,2.73734,2.39346,2.48105,2.95627,2.14398
Baja California Sur,Mujer,6.74937,4.5913,5.99331,4.3055,5.79049,3.9593,5.87972,4.70709,5.85681,4.45138,6.04125,5.45224,4.33414,3.91661,4.62834,4.34343,4.41105,5.56788,5.52184,5.24546,4.3278,,7.43274,6.29355,5.39199,5.35215,4.53037,3.48587,3.19002,3.74372,3.00817,3.00605,3.28353,3.02929,3.53431,2.44048
Campeche,Total,2.79838,2.51407,3.20245,3.024,3.18445,3.42208,4.2593,3.9427,3.73899,4.02596,4.02836,3.41979,2.62546,3.32284,3.63974,3.47344,3.47572,3.47649,3.0097,3.22312,2.78253,,3.82608,3.38969,2.92643,2.89527,3.057,2.9558,3.06809,2.9533,2.29772,1.97641,1.7624,1.75905,1.81924,1.71511
Campeche,Hombre,2.47753,2.6531,3.18023,3.12559,3.31078,3.00102,4.09881,3.66397,3.75583,4.10796,4.25597,3.25847,2.59594,3.33145,3.51495,3.24863,3.31624,2.76828,2.38695,3.13258,2.79203,,3.72418,3.67293,2.72492,2.44575,2.77973,2.95827,2.64769,2.68175,2.00127,1.73594,1.52886,1.65204,1.6907,1.56996
Campeche,Mujer,3.39069,2.26534,3.24327,2.84611,2.94666,4.21944,4.54404,4.44836,3.70865,3.88937,3.65409,3.68605,2.67494,3.30862,3.84996,3.85585,3.75771,4.63198,3.99537,3.36527,2.7671,,4.00862,2.89436,3.26321,3.61296,3.52746,2.9517,3.75997,3.38961,2.77462,2.3677,2.13796,1.93467,2.0299,1.94216
Coahuila de Zaragoza,Total,5.56038,5.32641,5.26411,4.2532,4.53431,4.84349,4.46888,3.9513,4.55961,5.01983,4.27673,3.69649,4.06485,4.08579,4.78423,3.63257,4.24849,4.88419,4.81236,4.27631,4.76719,,7.37167,6.15794,5.11096,4.84208,4.93013,4.80892,5.02271,4.02557,4.24342,3.41466,3.62833,3.70273,3.87742,4.33968
Coahuila de Zaragoza,Hombre,5.01504,4.85512,4.66791,3.7676,4.47181,3.97563,3.78935,3.83682,4.36808,4.64371,3.64432,3.29489,4.01518,4.5059,4.51111,3.34752,4.01659,4.72021,4.62057,4.6311,5.20233,,8.11191,7.05405,5.42114,5.1413,5.10743,4.81637,5.06082,4.01858,4.19903,3.2971,3.53944,4.18049,3.6273,4.5156
Coahuila de Zaragoza,Mujer,6.46175,6.12055,6.24194,5.05444,4.63991,6.31192,5.63589,4.14899,4.89191,5.65393,5.36164,4.39948,4.14908,3.37127,5.25061,4.07833,4.62421,5.14224,5.12211,3.68874,4.0442,,6.12187,4.64096,4.59678,4.35012,4.64084,4.79718,4.96193,4.03641,4.31431,3.60024,3.76736,2.98324,4.27488,4.07491
Colima,Total,4.99852,4.45554,5.00744,4.24899,4.37413,4.26725,4.20734,3.48498,3.43244,3.81871,3.71093,3.5406,3.37957,2.65402,3.25771,3.71729,3.91841,3.62257,3.81958,2.95786,3.12872,,4.14453,3.80916,3.20564,3.1979,2.91652,3.12393,2.77123,2.56226,2.60985,2.35763,2.13478,2.20655,2.55965,2.30336
Colima,Hombre,4.785,4.75442,4.44023,3.90137,4.68632,4.45937,3.82715,3.02763,3.31819,3.92188,3.38492,3.40536,2.95014,2.6493,3.36955,3.60578,3.80624,2.93411,3.30794,2.76599,3.19605,,4.29262,3.35138,3.09854,2.82211,2.64151,2.70327,2.5323,2.46413,2.13461,1.90953,2.18176,2.21698,2.36406,2.31622
Colima,Mujer,5.28765,4.04538,5.78188,4.72989,3.94311,3.99925,4.74537,4.13446,3.58692,3.6785,4.16377,3.72524,3.97251,2.66039,3.0998,3.8687,4.06654,4.50769,4.49268,3.21061,3.03494,,3.91046,4.47528,3.3482,3.6975,3.28007,3.683,3.10462,2.69642,3.27061,2.96965,2.07139,2.19238,2.81621,2.28647
Chiapas,Total,2.80257,3.22569,3.12326,3.22353,3.0667,3.23316,3.22476,2.72381,2.53584,2.30303,2.99398,2.46697,1.99053,2.85693,2.83015,3.45415,3.09453,3.60047,3.70345,2.45755,2.58386,,3.39902,2.72578,3.17416,2.90871,3.28256,3.33131,2.49952,2.58906,2.28847,2.32698,2.48801,1.83913,2.47877,1.73476
Chiapas,Hombre,2.80128,3.12876,3.01941,3.06524,3.18981,3.07571,3.15524,2.52825,2.29599,2.25928,2.42326,2.30081,1.83739,2.32454,2.35377,3.03042,2.8351,2.82278,2.8922,1.9449,2.19735,,3.17293,2.39856,2.8412,2.49684,2.70425,2.93017,2.01314,2.16567,1.59348,1.97711,2.16688,1.5155,2.12769,1.57594
Chiapas,Mujer,2.80568,3.46922,3.37734,3.60697,2.7786,3.61077,3.386,3.22365,3.10638,2.42144,4.46964,2.91574,2.37447,4.34287,4.10374,4.60508,3.7596,5.2936,5.48055,3.57144,3.42466,,3.97008,3.51476,3.93416,3.81786,4.63431,4.14018,3.59072,3.47429,3.73149,3.04667,3.12464,2.50237,3.20436,2.07035
Chihuahua,Total,3.51556,3.99813,4.00371,3.39701,3.22571,3.80391,3.23994,2.3649,3.03463,2.70655,2.4578,2.60282,3.89362,3.41,3.087,2.2228,3.03526,3.38451,3.19745,2.57083,3.49114,,4.6978,3.73507,3.97549,3.61242,3.02856,2.86673,2.59984,2.45553,2.46536,1.98906,2.78441,2.47852,2.81498,1.92983
Chihuahua,Hombre,3.7932,4.29476,3.72501,3.41318,3.84341,3.78847,3.11879,2.16381,3.11133,2.76633,2.23149,2.74113,3.56748,3.04787,2.96966,2.28407,2.95694,3.21831,3.06646,2.52544,3.48376,,4.63293,3.15423,4.20475,3.82129,3.10521,2.68568,2.24078,2.28779,2.26471,1.86074,2.91355,2.41347,2.72487,2.03116
Chihuahua,Mujer,2.99177,3.42971,4.52358,3.36942,2.12311,3.8307,3.43902,2.69581,2.9053,2.60976,2.81896,2.38803,4.39462,3.95394,3.26231,2.13424,3.15792,3.64701,3.40421,2.63959,3.50235,,4.79997,4.63021,3.60469,3.2758,2.90591,3.14701,3.1717,2.72428,2.78728,2.18827,2.57966,2.5803,2.9538,1.78047
Ciudad de México,Total,5.75598,5.35151,5.0292,5.24042,5.6896,5.09326,5.01883,4.33423,3.75831,4.9239,5.15409,4.57533,3.65645,5.13624,4.56009,5.12514,4.73037,5.15945,4.99577,5.1012,4.72524,,7.9909,6.63142,7.3091,7.25668,6.99109,5.89173,5.84765,5.39836,5.252,4.5306,3.75255,4.36955,4.0665,3.90904
Ciudad de México,Hombre,6.20129,4.51648,5.10846,4.89677,5.8782,5.1609,5.43099,4.38602,3.83276,4.36706,5.00106,4.56289,3.69332,5.25907,4.60021,5.46449,4.78851,5.11496,5.135,5.52472,5.32077,,8.54293,7.66918,7.82103,6.77071,6.72796,5.57858,6.28986,5.7561,5.13674,4.41818,3.56713,4.14937,4.49047,3.45016
Ciudad de México,Mujer,5.18952,6.3973,4.92999,5.69834,5.44435,5.00403,4.47285,4.26507,3.66211,5.6259,5.34233,4.59021,3.61204,4.98609,4.50839,4.68854,4.65505,5.21853,4.81386,4.56951,3.97065,,7.27227,5.3058,6.6412,7.89176,7.31266,6.2811,5.28764,4.93787,5.39711,4.66737,3.98715,4.63195,3.53766,4.46121
Durango,Total,5.88889,4.83148,4.9312,3.95442,4.48652,5.03338,4.94026,3.51179,4.04593,4.0415,3.85955,3.32689,4.34934,3.74331,4.96268,4.10822,4.64486,4.25457,3.94023,3.25998,4.05512,,4.80873,4.87685,4.14994,4.5947,4.2108,3.43068,3.57521,3.26514,3.25675,3.0872,2.98737,2.87201,3.09686,2.82041
Durango,Hombre,5.69121,4.7333,4.94213,3.74938,4.08085,4.82867,4.57033,3.3757,4.15508,3.49101,3.25041,2.88347,3.80367,3.55817,4.56997,4.01199,4.84047,3.7007,3.96956,3.12262,4.03617,,4.7804,5.11876,4.43518,4.62317,3.96653,3.30605,3.38553,2.98314,2.86902,2.87327,2.75474,2.67287,2.72299,2.687
Durango,Mujer,6.21775,4.99355,4.91282,4.30206,5.17372,5.36608,5.53689,3.73917,3.86015,4.93865,4.84607,4.04218,5.23361,4.03769,5.60915,4.26458,4.33189,5.12197,3.89243,3.48165,4.08597,,4.85784,4.46919,3.68858,4.54922,4.58668,3.62268,3.86893,3.70254,3.8516,3.42205,3.35515,3.18208,3.66978,3.0045
Guanajuato,Total,4.96455,4.41203,5.11598,4.48025,4.1541,3.7413,3.98962,4.09319,3.4732,4.11357,2.88235,3.82566,3.49782,3.40197,3.67721,3.81109,3.98003,3.76565,3.80883,3.29813,3.55997,,6.64331,5.3365,5.91211,5.60891,5.41382,3.91123,3.63624,2.9324,4.01364,3.0708,2.8961,3.4081,3.175,3.06176
Guanajuato,Hombre,5.00558,4.46975,5.32018,4.51719,4.12384,3.79348,3.82922,4.08384,3.63177,4.52683,3.10635,3.86397,3.6346,4.04139,3.86034,3.53461,3.90241,3.87606,3.76689,3.68598,4.44602,,7.40952,5.33433,6.31228,6.33377,6.13466,3.85178,4.02441,3.43277,3.95404,2.86979,2.73734,3.36619,3.14481,3.35163
Guanajuato,Mujer,4.90039,4.32328,4.79491,4.42446,4.20114,3.66315,4.22246,4.10736,3.22902,3.42905,2.50878,3.76254,3.27082,2.37983,3.37122,4.25829,4.10084,3.60117,3.87151,2.73772,2.25559,,5.41724,5.33971,5.27794,4.52871,4.33377,4.00292,3.03027,2.20272,4.10229,3.37469,3.13258,3.47149,3.2196,2.63227
Guerrero,Total,1.75202,1.99402,2.52725,2.0971,2.6372,2.02273,1.76042,1.65327,2.07951,1.4392,1.48803,1.57982,1.22757,0.84914,1.54874,1.23073,1.82428,1.39868,1.4025,1.4506,1.58399,,3.2863,2.40477,1.69174,1.50949,1.59391,1.41565,1.60378,1.48935,1.71875,0.80639,1.79719,0.9491,1.14982,0.76679
Guerrero,Hombre,1.79561,1.74705,2.40748,1.8516,2.6819,2.20114,1.96402,1.74788,2.3821,1.1977,1.49701,1.52504,1.26738,0.74177,1.29704,1.14307,2.08614,1.41932,1.42638,1.34968,1.34535,,2.88969,2.59744,2.1467,1.86944,1.62719,1.36975,1.79615,1.55231,1.79839,0.86186,1.78135,0.9592,1.26099,0.52777
Guerrero,Mujer,1.68019,2.3986,2.71665,2.48314,2.57178,1.72971,1.43641,1.49232,1.61949,1.81208,1.47294,1.66749,1.16723,1.02055,1.97122,1.36532,1.43291,1.36843,1.36619,1.60528,1.93647,,3.9376,2.07989,0.98742,0.97137,1.54143,1.48803,1.30622,1.39558,1.59813,0.73059,1.81895,0.93556,1.00068,1.07121
Hidalgo,Total,3.59172,4.03503,4.4164,3.24059,3.88155,3.0986,2.9314,2.66819,3.55419,3.15223,2.26899,2.60214,2.42492,2.43348,3.06785,2.07696,2.47825,2.69448,2.05468,2.50749,1.86791,,3.33658,2.19263,4.02292,2.22535,2.87668,2.70085,2.22827,2.64529,2.30357,2.20085,2.51059,2.74172,2.61026,1.82158
Hidalgo,Hombre,3.67235,3.64707,3.45306,3.13041,3.33031,3.51608,2.67609,2.72869,3.25683,2.97283,2.35285,2.2219,2.26979,2.40415,2.3963,1.78249,1.92316,2.55641,2.00369,2.46782,2.27017,,3.20637,1.88336,4.92999,2.40884,3.21887,3.11241,2.57742,2.87883,1.9606,2.83514,2.72765,3.357,2.54423,1.63235
Hidalgo,Mujer,3.4567,4.63256,5.85448,3.40751,4.74393,2.43901,3.32984,2.57111,4.05361,3.45089,2.12997,3.23038,2.68852,2.48079,4.07422,2.52999,3.297,2.89629,2.13011,2.56462,1.26151,,3.56124,2.66899,2.57787,1.94161,2.38701,2.11174,1.73552,2.33496,2.7692,1.35698,2.21257,1.90686,2.70106,2.07672
Jalisco,Total,4.01326,5.2648,5.17718,4.27755,4.1711,3.65995,3.47411,3.27419,2.70792,2.55351,3.11403,2.90621,2.32044,3.00514,3.00571,2.52382,2.58847,2.96334,3.18748,3.05405,2.93746,,5.00079,4.05613,3.71942,3.34635,3.38636,3.09968,2.36197,2.34432,2.81465,2.36228,2.15357,2.45554,2.96041,2.20221
Jalisco,Hombre,4.10339,5.39526,5.07095,3.69451,4.185,3.57169,3.61878,3.50489,2.68222,2.4255,3.36708,2.8782,2.2711,3.33115,3.16994,2.70769,2.49395,3.09199,3.61403,3.12671,2.67893,,5.46719,4.3376,3.74732,3.28893,3.11334,3.15972,2.57033,2.32956,2.8546,2.62032,2.31223,2.47202,3.39092,2.60622
Jalisco,Mujer,3.87568,5.05622,5.34496,5.15065,4.14876,3.79873,3.24502,2.91605,2.74748,2.75341,2.72203,2.94878,2.39915,2.5038,2.75156,2.238,2.74147,2.76724,2.54524,2.94224,3.324,,4.25371,3.61775,3.67639,3.43416,3.81107,3.00515,2.04039,2.36773,2.75371,1.99424,1.9332,2.43333,2.35122,1.61947
México,Total,5.0841,5.54026,5.66821,5.4492,4.82909,5.28227,5.62608,4.78274,4.08626,3.57744,4.32719,3.98033,4.23581,4.06686,3.67741,3.82468,4.19468,4.50421,4.73925,4.55548,5.22709,,6.5651,6.39335,6.50941,6.2184,5.823,4.65943,5.32569,4.21645,4.8312,4.46142,3.37042,3.64444,4.02761,3.52911
México,Hombre,5.36278,4.97433,5.52389,5.33633,4.94345,5.42411,5.51048,4.8096,3.59373,3.55041,3.89918,3.96832,4.15548,4.12738,3.03786,3.11775,3.97853,4.56975,5.12123,4.25259,4.89715,,6.84614,6.60993,6.30587,6.61627,5.46054,4.67534,5.27557,4.29427,5.01932,4.69668,3.45283,3.83602,3.89466,3.66523
México,Mujer,4.60453,6.49367,5.90413,5.62468,4.64235,5.0574,5.80936,4.73952,4.91053,3.62192,5.01309,3.99962,4.36827,3.9717,4.6886,4.93773,4.53865,4.40055,4.12372,5.0195,5.73507,,6.07633,6.04854,6.85713,5.60657,6.39469,4.63493,5.40189,4.10236,4.55824,4.1329,3.25176,3.37051,4.21714,3.33165
Michoacán de Ocampo,Total,2.94516,2.83199,3.76223,3.1459,2.70288,2.77263,3.12891,2.43505,2.91864,2.74172,2.593,2.17541,1.96549,1.98021,2.42273,2.49238,2.32427,2.92664,2.92755,2.70983,2.3442,,2.55683,2.29159,2.54275,1.98448,2.19764,2.5418,1.62119,1.72564,1.85106,1.66851,1.66123,1.99521,1.96522,2.09188
Michoacán de Ocampo,Hombre,2.7674,2.54933,4.01515,3.22223,2.86334,2.8799,3.0088,2.45168,2.70468,2.5308,2.41737,2.07413,1.9992,1.82703,1.85989,2.47167,2.47271,3.02286,2.60446,2.86407,1.8677,,2.67316,2.67384,2.66667,1.62545,2.27195,2.08963,1.5295,1.469,1.85841,1.3897,1.54001,2.0702,1.67134,1.88269
Michoacán de Ocampo,Mujer,3.24268,3.31979,3.33188,3.01773,2.43809,2.59146,3.33526,2.40731,3.28078,3.10555,2.89837,2.34656,1.90878,2.23971,3.40211,2.52572,2.07836,2.76523,3.45864,2.4608,3.08835,,2.34952,1.62852,2.32305,2.56009,2.07751,3.26534,1.76568,2.1132,1.83957,2.09955,1.848,1.87975,2.41308,2.39888
Morelos,Total,2.76087,3.16865,3.98021,3.11589,2.75608,2.70287,2.79256,2.28941,1.72331,1.61058,2.56623,2.36783,1.85093,2.13771,2.40826,2.08163,1.78594,2.34311,2.68176,2.42082,1.94706,,2.72547,2.42373,2.00878,2.55837,2.45704,2.38563,1.85844,2.12956,2.39593,2.72604,1.45759,1.81079,2.33036,1.84693
Morelos,Hombre,3.22707,3.86025,4.72154,3.77022,3.2975,3.16629,3.0118,2.58015,1.71011,1.65015,2.88554,2.78213,1.95174,2.39133,2.75096,2.54534,1.76217,2.52977,2.92657,3.30412,2.09973,,2.84757,2.62138,2.35935,2.69907,2.58118,2.69615,1.8694,2.39025,2.56707,3.18827,1.75385,2.04545,2.62394,2.12287
Morelos,Mujer,2.07406,2.17723,2.86831,2.12229,1.93561,2.00015,2.46374,1.84383,1.74401,1.54841,2.03094,1.69882,1.68646,1.72663,1.83418,1.29766,1.82389,2.0562,2.30619,1.08124,1.72426,,2.5453,2.13929,1.48932,2.34005,2.26629,1.92767,1.84227,1.75419,2.15306,2.09483,1.06883,1.4922,1.92142,1.47597
Nayarit,Total,4.76505,5.63294,6.60591,4.51846,3.95816,4.05718,4.31917,3.61381,3.00801,3.64245,4.0914,3.57646,3.3907,4.12265,4.67911,3.59989,3.65747,3.96553,4.48981,3.56766,3.71128,,5.21592,4.03884,2.65232,2.80482,3.38426,2.61016,2.96033,2.46999,2.75796,2.38038,1.90105,2.14952,2.30657,2.05406
Nayarit,Hombre,4.70905,5.97658,7.0588,4.46807,4.09002,4.35663,3.92261,3.31141,2.87651,3.79395,4.72885,3.53949,3.83902,4.45693,5.18903,4.10569,3.37612,4.43951,4.5394,4.03178,3.91318,,5.4667,4.90071,3.15509,3.21748,3.89912,2.74156,3.03166,2.92262,2.85851,2.86559,1.84586,2.63581,2.72478,2.0444
Nayarit,Mujer,4.85152,5.0992,5.92932,4.59307,3.76448,3.61907,4.89184,4.05357,3.20632,3.40997,3.11305,3.63157,2.70259,3.61658,3.92517,2.86308,4.07386,3.2945,4.42019,2.92238,3.43201,,4.82507,2.82537,1.84442,2.10025,2.63691,2.42059,2.85849,1.84598,2.61951,1.72985,1.97839,1.4861,1.71071,2.06761
Nuevo León,Total,4.57202,4.91989,4.92974,3.98448,4.50238,4.18445,4.316,4.13127,3.75102,4.0431,3.96741,3.4269,3.56184,3.4612,3.77841,3.55218,3.40065,3.49868,3.6119,3.72879,3.7449,,5.25984,4.22835,4.87132,4.70393,4.61918,3.74577,4.2039,3.69942,4.06228,3.57181,3.12375,3.37417,3.21641,2.68616
Nuevo León,Hombre,4.19602,4.78035,3.99272,3.65853,4.06136,4.06395,3.7801,3.66453,3.8295,3.84301,3.75203,3.04589,3.52559,3.35215,3.74241,3.81486,3.43039,3.77904,3.89752,3.81276,3.71557,,5.03227,3.8081,4.67123,4.53971,3.87418,3.52408,4.05768,3.77405,3.83464,3.40368,2.82076,3.04364,3.33642,2.85273
Nuevo León,Mujer,5.22876,5.1561,6.50938,4.53736,5.24199,4.38343,5.21834,4.92533,3.61443,4.39412,4.3498,4.07256,3.62413,3.64081,3.84014,3.11938,3.35151,3.03664,3.13803,3.59376,3.79283,,5.64443,4.91236,5.21142,4.97077,5.84232,4.10458,4.44365,3.5778,4.42588,3.83885,3.61317,3.89446,3.02782,2.42719
Oaxaca,Total,3.1433,2.38552,3.5662,2.69947,2.08528,2.00564,2.01915,1.73512,2.67317,2.16256,2.1697,1.75004,1.28293,1.40405,1.62567,1.98084,1.79996,1.29433,2.02435,2.01734,1.70744,,3.05912,1.69948,1.53423,1.60929,1.74964,1.51449,1.57267,1.44447,1.40694,1.28338,1.35271,1.22087,1.93503,1.5407
Oaxaca,Hombre,3.36179,2.58529,3.49312,2.83376,1.9827,2.36049,2.14462,1.73462,2.91875,2.25546,2.16098,1.75554,1.15461,1.15689,1.49104,2.01692,2.00478,1.33896,2.27447,2.03561,1.85228,,2.50676,1.91223,1.95852,1.74207,2.09183,1.39073,1.55777,1.32908,1.40367,1.21365,1.36743,1.10072,1.44929,1.54049
Oaxaca,Mujer,2.80715,2.0821,3.67873,2.49719,2.24433,1.46176,1.82531,1.73587,2.31397,2.02066,2.18283,1.74126,1.48789,1.79507,1.82523,1.92872,1.5096,1.23556,1.70893,1.99515,1.51833,,3.81965,1.40076,0.95959,1.42363,1.24384,1.68779,1.59205,1.59538,1.41118,1.37478,1.33264,1.39762,2.6226,1.541
Puebla,Total,3.20557,3.23724,3.3611,3.02255,3.00877,2.87628,3.11817,2.77842,2.44445,3.2811,2.78053,2.48474,2.09489,2.61532,3.00278,2.48602,2.41344,2.75398,2.89198,2.49711,2.80175,,4.67189,6.00336,3.45713,3.96812,4.2224,3.84523,3.07139,2.96205,2.7309,2.79282,2.1502,2.24191,2.63941,2.60802
Puebla,Hombre,3.22018,2.93144,3.29082,2.65138,3.11617,2.94016,2.73457,2.71609,2.14705,2.99407,2.57051,2.33999,2.17266,2.67855,2.99067,2.61217,2.29525,2.76909,2.45828,2.47232,2.98409,,4.61788,7.06618,3.2605,3.84899,4.48753,4.02067,3.20169,2.93833,2.93577,2.80714,2.32163,2.15775,2.98504,2.69332
Puebla,Mujer,3.18204,3.74187,3.47142,3.61315,2.82983,2.7718,3.70501,2.87744,2.9122,3.71408,3.12318,2.70975,1.9661,2.51302,3.02161,2.29578,2.59842,2.73064,3.54953,2.53529,2.52662,,4.75949,4.38591,3.786,4.14324,3.83031,3.59434,2.86958,2.99713,2.40222,2.77104,1.89827,2.36193,2.16116,2.48968
Querétaro,Total,3.99322,5.03328,5.29109,4.55927,4.38806,4.6933,4.08551,4.59556,3.75905,4.82918,4.13631,4.54949,3.25805,3.8136,4.26719,3.70954,2.64342,4.53436,5.35413,4.71727,3.49576,,8.21835,6.91009,4.9446,5.76413,5.40679,5.74908,3.62423,4.2847,3.81933,3.62622,2.48381,3.27317,2.9151,2.90737
Querétaro,Hombre,4.27893,6.05329,6.40975,5.4439,5.13475,5.48011,4.88315,5.37301,4.43719,6.06669,4.65827,4.91988,3.64445,4.5562,4.84579,3.82645,2.56286,5.11831,6.17596,5.73023,3.93782,,9.83756,7.8231,5.45118,6.58478,5.76619,6.43423,3.94113,4.4833,4.5113,4.49683,2.96331,3.97947,3.14927,3.52263
Querétaro,Mujer,3.52216,3.38527,3.38925,3.12078,3.12414,3.32916,2.7705,3.31598,2.62225,2.72069,3.23531,3.92445,2.60516,2.57611,3.34529,3.52321,2.77725,3.60465,4.02671,3.10076,2.79855,,5.58938,5.50387,4.06757,4.48085,4.84913,4.71817,3.12545,3.97642,2.74526,2.37628,1.80842,2.29526,2.59478,2.0774
Quintana Roo,Total,3.93405,3.75209,4.62902,3.74248,3.16572,3.11632,2.96501,3.80971,3.38948,2.75659,3.34076,3.19898,2.63984,2.60499,2.65435,3.08881,2.9559,2.73219,3.55064,3.0804,2.96336,,10.17038,8.57636,8.20807,6.20887,4.68357,4.41379,3.01017,2.85173,2.9266,1.97189,2.53064,2.40182,2.74016,2.61154
Quintana Roo,Hombre,4.13667,3.59284,4.59272,3.21948,2.98424,3.00313,3.11423,4.19002,3.28112,2.86664,3.05548,2.85399,2.67044,2.8775,2.55009,3.22416,2.66451,3.03553,3.83242,3.21815,2.62104,,10.45968,8.12769,8.24164,6.71953,4.57386,4.24233,3.48727,3.10696,2.72933,2.01795,2.42575,2.71254,2.73151,2.3852
Quintana Roo,Mujer,3.60123,4.00602,4.68971,4.5555,3.46438,3.29383,2.72462,3.18706,3.56976,2.57763,3.79855,3.75826,2.58955,2.15867,2.823,2.86813,3.42091,2.26524,3.08021,2.86207,3.50704,,9.68393,9.31365,8.15148,5.30512,4.87038,4.68448,2.23632,2.44607,3.24733,1.90049,2.69384,1.92907,2.75308,2.93508
San Luis Potosí,Total,3.00626,2.91779,3.31568,2.76245,2.88659,2.4164,2.63996,2.01932,2.04425,2.64591,2.52835,2.32132,2.87915,2.42599,2.56991,2.14353,2.17682,2.86328,3.30765,2.28111,2.07787,,3.98296,3.26546,3.08673,2.91634,4.19702,3.32408,2.94497,3.30135,3.37771,2.71251,2.00482,2.81227,3.0664,3.11087
San Luis Potosí,Hombre,3.10894,2.78459,2.87359,2.86145,2.93002,2.35526,2.41254,1.91825,1.86512,3.14785,2.5735,2.32032,3.03397,2.26939,2.56645,1.99451,2.36226,2.81949,2.67411,2.52662,2.10874,,3.86236,3.48746,3.38473,2.99562,3.76826,3.43342,2.70996,3.59317,3.01538,2.60539,1.8761,3.07652,3.37868,3.31218
San Luis Potosí,Mujer,2.82461,3.13833,4.04716,2.59978,2.81422,2.51747,3.01258,2.18594,2.3494,1.82076,2.45116,2.32301,2.60808,2.68993,2.57585,2.40312,1.85436,2.9343,4.30828,1.88031,2.02814,,4.18858,2.90239,2.63047,2.79302,4.82631,3.16368,3.30732,2.83897,3.94262,2.88106,2.19814,2.40987,2.62451,2.82538
Sinaloa,Total,3.7562,4.35403,5.0331,4.1399,4.36629,3.77957,4.04434,2.85051,3.50625,3.73977,3.92548,3.48827,2.46633,3.7651,3.37582,3.15787,3.4949,2.99788,3.63153,2.84503,2.88295,,5.28873,2.42905,2.46472,2.56947,2.93331,2.74095,2.65945,2.94487,3.33011,2.78628,2.0087,2.22653,3.01032,2.27732
Sinaloa,Hombre,3.17986,4.43511,4.84564,4.14734,3.85122,3.40864,3.5609,2.63573,3.40121,3.27431,4.54322,3.23705,2.19344,3.75469,3.28237,2.81119,3.49473,2.94865,3.92195,2.98133,2.6219,,6.49501,2.63037,2.49987,2.30213,3.11461,2.38668,2.1042,2.80073,3.41739,2.43092,2.02869,2.22062,2.9691,1.94424
Sinaloa,Mujer,4.63592,4.22519,5.32792,4.12804,5.17528,4.35421,4.77162,3.17608,3.66904,4.432,2.97438,3.86833,2.86744,3.78044,3.51876,3.67342,3.49517,3.07439,3.18431,2.63922,3.27394,,3.25201,2.1024,2.40713,2.99871,2.65605,3.30341,3.55516,3.16221,3.1955,3.30795,1.97926,2.23518,3.0676,2.74477
Sonora,Total,5.09067,4.95884,4.92182,4.6727,5.12572,5.10874,5.63363,4.17427,3.58821,3.79298,4.04668,3.61636,3.26058,3.64035,4.23094,3.66419,4.25036,4.16152,4.94885,3.78906,4.37054,,6.6878,4.94429,4.44533,2.93254,4.35038,3.60543,2.85697,3.06692,3.81534,2.54785,2.86233,2.5887,2.93751,2.82164
Sonora,Hombre,4.66627,5.07244,4.47602,3.9227,4.80097,4.13834,4.28882,3.7213,3.55893,3.72133,3.45936,2.82303,3.06221,3.38325,4.12628,3.83197,4.20472,4.54931,5.08662,3.80762,4.2014,,8.0265,4.78118,4.33534,2.33251,4.32729,3.35757,2.59176,2.9645,3.72642,2.21518,2.72349,2.39364,2.06619,2.59183
Sonora,Mujer,5.7249,4.79298,5.57719,5.75954,5.60467,6.50652,7.65481,4.86087,3.63239,3.90299,4.93937,4.80211,3.55574,4.01929,4.39151,3.42011,4.31778,3.5809,4.73825,3.76192,4.62748,,4.40656,5.1871,4.60732,3.79117,4.38355,3.95082,3.25421,3.21042,3.9457,3.00406,3.0641,2.86765,4.17895,3.14525
Tabasco,Total,6.49856,5.98934,7.01836,7.45904,7.21814,7.12482,7.84314,7.62124,6.8383,7.2893,6.89211,6.96286,7.59423,6.37258,7.13018,7.83328,7.51282,7.24434,7.1721,6.37283,5.26961,,7.45122,7.96063,6.01589,5.85328,6.31326,5.1022,4.7906,5.67372,5.25536,4.18142,3.82907,4.05393,3.98275,3.84846
Tabasco,Hombre,7.1754,6.38405,7.10999,7.86938,7.64237,6.86648,8.0793,7.39988,7.26002,7.21576,6.38274,6.65554,7.87376,6.42576,7.13521,7.81534,6.98518,6.78161,6.7086,5.69416,4.63629,,6.87153,8.27325,6.32177,4.89143,6.5713,4.74389,4.80544,4.94503,5.15236,4.2569,3.40915,3.88908,3.86486,3.36663
Tabasco,Mujer,5.17443,5.25154,6.85758,6.74601,6.47473,7.59393,7.3852,8.02787,5.99391,7.43096,7.87109,7.56744,7.04589,6.27107,7.12085,7.86448,8.47933,8.03785,7.99794,7.55114,6.31492,,8.62534,7.38226,5.4671,7.5649,5.85385,5.74289,4.76417,6.95665,5.44198,4.057,4.53906,4.33041,4.17919,4.67693
Tamaulipas,Total,5.04258,4.69323,5.31916,4.32075,4.99792,4.61135,4.91907,4.22519,4.73518,3.51819,4.40703,4.03877,3.93826,3.82154,3.83954,3.90514,3.68976,3.37267,3.59923,3.21892,3.18924,,3.78681,3.29395,3.8391,2.97881,3.67384,3.55175,3.77736,3.40258,3.66341,3.12072,2.76848,3.15174,3.3172,3.25943
Tamaulipas,Hombre,4.87744,4.08739,4.53242,4.13282,4.8034,3.88031,4.05336,3.93596,4.14864,3.26903,4.40046,3.54801,3.30052,3.83135,3.31229,3.27974,3.4702,3.16379,3.3123,2.89298,3.27213,,3.78974,3.5284,4.0632,3.11299,3.92426,3.76673,3.96674,3.26135,3.19336,2.89076,2.79815,2.83471,3.36858,3.04718
Tamaulipas,Mujer,5.29973,5.59834,6.48794,4.59675,5.29448,5.65448,6.16719,4.64744,5.63382,3.90033,4.41696,4.81673,4.94701,3.80671,4.66028,4.88408,4.02812,3.69213,4.03761,3.70008,3.06658,,3.78214,2.94859,3.49413,2.78444,3.29957,3.23185,3.48693,3.61748,4.37907,3.46431,2.72251,3.62172,3.24179,3.5625
Tlaxcala,Total,4.95538,4.52378,4.97125,5.05478,4.40249,3.89934,4.59182,3.59328,3.55175,3.70791,4.00722,3.67375,3.71735,3.2706,3.78813,4.02306,3.79335,3.99275,3.62364,3.54575,4.02238,,6.42156,5.58101,5.86065,5.07607,5.48873,4.42309,4.38624,3.84879,3.77758,3.33072,3.24644,3.40587,3.68407,3.00423
Tlaxcala,Hombre,4.16028,4.52102,4.32398,4.48886,3.91978,3.81607,3.76272,3.00203,3.21845,2.95241,3.31822,3.24629,3.56154,3.07987,3.42808,3.30412,3.26422,3.47383,3.27501,2.96699,4.04251,,5.57373,4.73953,5.5926,4.92862,4.95244,4.09954,3.75567,3.95885,3.02535,2.55257,3.08206,2.71965,3.49023,2.56746
Tlaxcala,Mujer,6.19855,4.52797,5.97841,5.89344,5.13444,4.02183,5.81945,4.48473,4.04516,4.85554,5.02249,4.32208,3.95415,3.55784,4.3306,5.07096,4.55958,4.71468,4.12146,4.3799,3.99363,,7.7273,6.81283,6.25289,5.28278,6.24445,4.88094,5.29302,3.69154,4.83629,4.42562,3.48052,4.36553,3.95646,3.61215
Veracruz de Ignacio de la Llave,Total,3.49371,3.56966,3.69822,4.0908,3.68851,3.59228,3.45758,3.45902,3.45998,3.53923,3.21909,3.92046,2.80341,3.23123,3.30437,2.68928,2.83521,2.56691,3.54736,2.85788,2.68437,,2.75096,3.36439,2.58783,4.21382,3.41257,3.30173,2.59692,2.92668,3.06522,2.35307,2.41656,2.13843,1.98405,1.89538
Veracruz de Ignacio de la Llave,Hombre,3.84778,3.79078,3.78301,4.5529,3.92141,3.85557,3.91026,4.00384,3.52369,3.13068,3.53102,3.90659,2.78347,3.13144,3.13163,2.84073,2.83248,2.37123,3.35614,2.84529,2.60507,,3.10984,3.1476,2.80256,4.4564,3.23844,2.99744,2.70556,2.4742,2.44046,2.0677,2.2711,2.14724,1.84643,1.8298
Veracruz de Ignacio de la Llave,Mujer,2.76377,3.12834,3.52763,3.18375,3.18825,3.04388,2.53001,2.37045,3.33657,4.3456,2.56479,3.94839,2.84324,3.43608,3.64457,2.38596,2.84029,2.91632,3.88779,2.87981,2.81752,,2.10276,3.72733,2.1979,3.80183,3.72227,3.86009,2.41205,3.68692,4.11368,2.81512,2.6516,2.12416,2.21511,2.00009
Yucatán,Total,2.59539,2.37462,2.90437,2.57709,2.02745,2.14365,1.98213,1.81398,2.05449,1.91401,2.54846,1.72116,2.03298,1.53836,2.102,1.50293,1.9091,1.78375,1.9669,1.91823,1.97608,,3.56538,2.67472,2.97833,2.51596,2.35454,2.06799,2.19651,1.65477,2.04844,1.98833,1.94653,1.57681,2.09373,1.7769
Yucatán,Hombre,2.62862,2.25068,2.53813,2.24579,1.70747,2.0794,1.85303,1.47256,2.04026,1.77737,2.27126,1.4482,1.9223,1.52338,1.79324,1.35823,1.58492,1.38676,1.64027,1.49474,1.7151,,3.80357,2.42069,2.8173,2.36584,1.90406,1.68921,1.82395,1.44609,1.85162,1.50892,1.39745,1.34862,1.89939,1.45307
Yucatán,Mujer,2.54301,2.57397,3.49143,3.08465,2.52248,2.24035,2.18127,2.31952,2.07518,2.11346,2.97159,2.12625,2.19592,1.56065,2.58206,1.71565,2.39645,2.38253,2.45984,2.55571,2.36348,,3.15705,3.09163,3.22088,2.72808,3.0408,2.61078,2.72938,1.94917,2.33671,2.64449,2.71706,1.88476,2.36994,2.21459
Zacatecas,Total,3.82133,2.84245,3.78811,3.95603,3.40668,3.01559,2.97196,2.06403,2.86144,2.96439,2.69989,2.6297,3.61361,2.58499,3.06603,2.50984,3.18193,3.20892,3.32843,2.52846,3.32469,,3.89741,4.16117,3.89612,3.5959,3.77205,2.7536,2.78762,3.29804,2.74256,2.35997,3.36929,2.93789,2.35834,2.82251
Zacatecas,Hombre,3.85523,2.75539,3.889,3.9074,3.50828,2.80246,2.50478,1.86397,2.70158,2.77128,2.41985,2.42774,3.68435,2.51666,2.42268,2.07798,3.01926,2.98022,3.37838,2.09387,2.98811,,3.06896,3.49909,3.48186,3.51721,3.22721,2.15959,3.23305,3.2275,2.46011,1.36337,3.3452,2.68274,2.24389,2.77776
Zacatecas,Mujer,3.76121,3.00466,3.59502,4.04632,3.22469,3.39737,3.84969,2.41987,3.1505,3.30124,3.2218,2.98819,3.48559,2.7079,4.25721,3.30245,3.47406,3.59509,3.24224,3.25061,3.86826,,5.35651,5.25954,4.58419,3.72403,4.64208,3.67895,2.07856,3.40954,3.21884,3.99016,3.40922,3.32406,2.54383,2.89364
